STID,DATE,FUEL_TYPE,FUEL_VARIATION,PERCENT,NAME,GACC,GROUP,LAT,LON,ELE
691,2001-02-05,Chamise,None,102.0,"Laurel Canyon, Mt. Olympus",SOCC,LA County,34.124722222222225,-118.36888888888888,1305.0
691,2001-02-26,Chamise,None,116.0,"Laurel Canyon, Mt. Olympus",SOCC,LA County,34.124722222222225,-118.36888888888888,1305.0
691,2001-03-12,Chamise,None,130.0,"Laurel Canyon, Mt. Olympus",SOCC,LA County,34.124722222222225,-118.36888888888888,1305.0
691,2001-03-26,Chamise,None,130.0,"Laurel Canyon, Mt. Olympus",SOCC,LA County,34.124722222222225,-118.36888888888888,1305.0
691,2001-04-09,Chamise,None,136.0,"Laurel Canyon, Mt. Olympus",SOCC,LA County,34.124722222222225,-118.36888888888888,1305.0
691,2001-04-23,Chamise,None,154.0,"Laurel Canyon, Mt. Olympus",SOCC,LA County,34.124722222222225,-118.36888888888888,1305.0
691,2001-05-14,Chamise,None,127.0,"Laurel Canyon, Mt. Olympus",SOCC,LA County,34.124722222222225,-118.36888888888888,1305.0
691,2001-05-28,Chamise,None,112.0,"Laurel Canyon, Mt. Olympus",SOCC,LA County,34.124722222222225,-118.36888888888888,1305.0
691,2001-06-11,Chamise,None,106.0,"Laurel Canyon, Mt. Olympus",SOCC,LA County,34.124722222222225,-118.36888888888888,1305.0
691,2001-06-25,Chamise,None,95.0,"Laurel Canyon, Mt. Olympus",SOCC,LA County,34.124722222222225,-118.36888888888888,1305.0
691,2001-07-09,Chamise,None,94.0,"Laurel Canyon, Mt. Olympus",SOCC,LA County,34.124722222222225,-118.36888888888888,1305.0
691,2001-07-30,Chamise,None,80.0,"Laurel Canyon, Mt. Olympus",SOCC,LA County,34.124722222222225,-118.36888888888888,1305.0
691,2001-08-13,Chamise,None,76.0,"Laurel Canyon, Mt. Olympus",SOCC,LA County,34.124722222222225,-118.36888888888888,1305.0
691,2001-08-27,Chamise,None,76.0,"Laurel Canyon, Mt. Olympus",SOCC,LA County,34.124722222222225,-118.36888888888888,1305.0
691,2001-09-10,Chamise,None,69.0,"Laurel Canyon, Mt. Olympus",SOCC,LA County,34.124722222222225,-118.36888888888888,1305.0
691,2001-09-24,Chamise,None,69.0,"Laurel Canyon, Mt. Olympus",SOCC,LA County,34.124722222222225,-118.36888888888888,1305.0
691,2001-10-08,Chamise,None,67.0,"Laurel Canyon, Mt. Olympus",SOCC,LA County,34.124722222222225,-118.36888888888888,1305.0
691,2001-10-15,Chamise,None,65.0,"Laurel Canyon, Mt. Olympus",SOCC,LA County,34.124722222222225,-118.36888888888888,1305.0
691,2001-10-22,Chamise,None,66.0,"Laurel Canyon, Mt. Olympus",SOCC,LA County,34.124722222222225,-118.36888888888888,1305.0
691,2001-11-05,Chamise,None,65.0,"Laurel Canyon, Mt. Olympus",SOCC,LA County,34.124722222222225,-118.36888888888888,1305.0
691,2001-11-26,Chamise,None,65.0,"Laurel Canyon, Mt. Olympus",SOCC,LA County,34.124722222222225,-118.36888888888888,1305.0
691,2001-12-10,Chamise,None,72.0,"Laurel Canyon, Mt. Olympus",SOCC,LA County,34.124722222222225,-118.36888888888888,1305.0
691,2002-01-08,Chamise,None,83.0,"Laurel Canyon, Mt. Olympus",SOCC,LA County,34.124722222222225,-118.36888888888888,1305.0
691,2002-01-22,Chamise,None,83.0,"Laurel Canyon, Mt. Olympus",SOCC,LA County,34.124722222222225,-118.36888888888888,1305.0
691,2002-02-05,Chamise,None,88.0,"Laurel Canyon, Mt. Olympus",SOCC,LA County,34.124722222222225,-118.36888888888888,1305.0
691,2002-02-19,Chamise,None,102.0,"Laurel Canyon, Mt. Olympus",SOCC,LA County,34.124722222222225,-118.36888888888888,1305.0
691,2002-03-05,Chamise,None,113.0,"Laurel Canyon, Mt. Olympus",SOCC,LA County,34.124722222222225,-118.36888888888888,1305.0
691,2002-03-19,Chamise,None,109.0,"Laurel Canyon, Mt. Olympus",SOCC,LA County,34.124722222222225,-118.36888888888888,1305.0
691,2002-04-02,Chamise,None,107.0,"Laurel Canyon, Mt. Olympus",SOCC,LA County,34.124722222222225,-118.36888888888888,1305.0
691,2002-04-16,Chamise,None,89.0,"Laurel Canyon, Mt. Olympus",SOCC,LA County,34.124722222222225,-118.36888888888888,1305.0
691,2002-04-30,Chamise,None,81.0,"Laurel Canyon, Mt. Olympus",SOCC,LA County,34.124722222222225,-118.36888888888888,1305.0
691,2002-05-28,Chamise,None,77.0,"Laurel Canyon, Mt. Olympus",SOCC,LA County,34.124722222222225,-118.36888888888888,1305.0
691,2002-06-18,Chamise,None,72.0,"Laurel Canyon, Mt. Olympus",SOCC,LA County,34.124722222222225,-118.36888888888888,1305.0
691,2002-07-02,Chamise,None,72.0,"Laurel Canyon, Mt. Olympus",SOCC,LA County,34.124722222222225,-118.36888888888888,1305.0
691,2002-07-16,Chamise,None,70.0,"Laurel Canyon, Mt. Olympus",SOCC,LA County,34.124722222222225,-118.36888888888888,1305.0
691,2002-08-06,Chamise,None,63.0,"Laurel Canyon, Mt. Olympus",SOCC,LA County,34.124722222222225,-118.36888888888888,1305.0
691,2002-08-20,Chamise,None,58.0,"Laurel Canyon, Mt. Olympus",SOCC,LA County,34.124722222222225,-118.36888888888888,1305.0
691,2002-09-17,Chamise,None,56.0,"Laurel Canyon, Mt. Olympus",SOCC,LA County,34.124722222222225,-118.36888888888888,1305.0
691,2002-10-01,Chamise,None,59.0,"Laurel Canyon, Mt. Olympus",SOCC,LA County,34.124722222222225,-118.36888888888888,1305.0
691,2002-10-15,Chamise,None,60.0,"Laurel Canyon, Mt. Olympus",SOCC,LA County,34.124722222222225,-118.36888888888888,1305.0
691,2002-10-29,Chamise,None,59.0,"Laurel Canyon, Mt. Olympus",SOCC,LA County,34.124722222222225,-118.36888888888888,1305.0
691,2002-11-12,Chamise,None,65.0,"Laurel Canyon, Mt. Olympus",SOCC,LA County,34.124722222222225,-118.36888888888888,1305.0
691,2002-11-26,Chamise,None,71.0,"Laurel Canyon, Mt. Olympus",SOCC,LA County,34.124722222222225,-118.36888888888888,1305.0
691,2002-12-03,Chamise,None,76.0,"Laurel Canyon, Mt. Olympus",SOCC,LA County,34.124722222222225,-118.36888888888888,1305.0
691,2002-12-24,Chamise,None,92.0,"Laurel Canyon, Mt. Olympus",SOCC,LA County,34.124722222222225,-118.36888888888888,1305.0
691,2003-01-15,Chamise,None,121.0,"Laurel Canyon, Mt. Olympus",SOCC,LA County,34.124722222222225,-118.36888888888888,1305.0
691,2003-01-29,Chamise,None,146.0,"Laurel Canyon, Mt. Olympus",SOCC,LA County,34.124722222222225,-118.36888888888888,1305.0
691,2003-02-19,Chamise,None,150.0,"Laurel Canyon, Mt. Olympus",SOCC,LA County,34.124722222222225,-118.36888888888888,1305.0
691,2003-03-05,Chamise,None,137.0,"Laurel Canyon, Mt. Olympus",SOCC,LA County,34.124722222222225,-118.36888888888888,1305.0
691,2003-03-19,Chamise,None,138.0,"Laurel Canyon, Mt. Olympus",SOCC,LA County,34.124722222222225,-118.36888888888888,1305.0
691,2003-04-02,Chamise,None,151.0,"Laurel Canyon, Mt. Olympus",SOCC,LA County,34.124722222222225,-118.36888888888888,1305.0
691,2003-04-23,Chamise,None,153.0,"Laurel Canyon, Mt. Olympus",SOCC,LA County,34.124722222222225,-118.36888888888888,1305.0
691,2003-05-07,Chamise,None,131.0,"Laurel Canyon, Mt. Olympus",SOCC,LA County,34.124722222222225,-118.36888888888888,1305.0
691,2003-05-21,Chamise,None,138.0,"Laurel Canyon, Mt. Olympus",SOCC,LA County,34.124722222222225,-118.36888888888888,1305.0
691,2003-06-04,Chamise,None,137.0,"Laurel Canyon, Mt. Olympus",SOCC,LA County,34.124722222222225,-118.36888888888888,1305.0
691,2003-06-18,Chamise,None,121.0,"Laurel Canyon, Mt. Olympus",SOCC,LA County,34.124722222222225,-118.36888888888888,1305.0
691,2003-07-09,Chamise,None,113.0,"Laurel Canyon, Mt. Olympus",SOCC,LA County,34.124722222222225,-118.36888888888888,1305.0
691,2003-07-23,Chamise,None,90.0,"Laurel Canyon, Mt. Olympus",SOCC,LA County,34.124722222222225,-118.36888888888888,1305.0
691,2003-08-06,Chamise,None,78.0,"Laurel Canyon, Mt. Olympus",SOCC,LA County,34.124722222222225,-118.36888888888888,1305.0
691,2003-08-20,Chamise,None,78.0,"Laurel Canyon, Mt. Olympus",SOCC,LA County,34.124722222222225,-118.36888888888888,1305.0
691,2003-09-03,Chamise,None,72.0,"Laurel Canyon, Mt. Olympus",SOCC,LA County,34.124722222222225,-118.36888888888888,1305.0
691,2003-09-17,Chamise,None,69.0,"Laurel Canyon, Mt. Olympus",SOCC,LA County,34.124722222222225,-118.36888888888888,1305.0
691,2003-10-08,Chamise,None,70.0,"Laurel Canyon, Mt. Olympus",SOCC,LA County,34.124722222222225,-118.36888888888888,1305.0
691,2003-10-22,Chamise,None,69.0,"Laurel Canyon, Mt. Olympus",SOCC,LA County,34.124722222222225,-118.36888888888888,1305.0
691,2003-11-05,Chamise,None,68.0,"Laurel Canyon, Mt. Olympus",SOCC,LA County,34.124722222222225,-118.36888888888888,1305.0
691,2003-11-19,Chamise,None,68.0,"Laurel Canyon, Mt. Olympus",SOCC,LA County,34.124722222222225,-118.36888888888888,1305.0
691,2003-12-03,Chamise,None,68.0,"Laurel Canyon, Mt. Olympus",SOCC,LA County,34.124722222222225,-118.36888888888888,1305.0
691,2003-12-17,Chamise,None,65.0,"Laurel Canyon, Mt. Olympus",SOCC,LA County,34.124722222222225,-118.36888888888888,1305.0
691,2004-01-08,Chamise,None,74.0,"Laurel Canyon, Mt. Olympus",SOCC,LA County,34.124722222222225,-118.36888888888888,1305.0
691,2004-01-23,Chamise,None,80.0,"Laurel Canyon, Mt. Olympus",SOCC,LA County,34.124722222222225,-118.36888888888888,1305.0
691,2004-02-13,Chamise,None,85.0,"Laurel Canyon, Mt. Olympus",SOCC,LA County,34.124722222222225,-118.36888888888888,1305.0
691,2004-03-05,Chamise,None,112.0,"Laurel Canyon, Mt. Olympus",SOCC,LA County,34.124722222222225,-118.36888888888888,1305.0
691,2004-03-25,Chamise,None,180.0,"Laurel Canyon, Mt. Olympus",SOCC,LA County,34.124722222222225,-118.36888888888888,1305.0
691,2004-04-08,Chamise,None,153.0,"Laurel Canyon, Mt. Olympus",SOCC,LA County,34.124722222222225,-118.36888888888888,1305.0
691,2004-04-23,Chamise,None,145.0,"Laurel Canyon, Mt. Olympus",SOCC,LA County,34.124722222222225,-118.36888888888888,1305.0
691,2004-05-06,Chamise,None,123.0,"Laurel Canyon, Mt. Olympus",SOCC,LA County,34.124722222222225,-118.36888888888888,1305.0
691,2004-05-20,Chamise,None,93.0,"Laurel Canyon, Mt. Olympus",SOCC,LA County,34.124722222222225,-118.36888888888888,1305.0
691,2004-06-04,Chamise,None,92.0,"Laurel Canyon, Mt. Olympus",SOCC,LA County,34.124722222222225,-118.36888888888888,1305.0
691,2004-06-17,Chamise,None,86.0,"Laurel Canyon, Mt. Olympus",SOCC,LA County,34.124722222222225,-118.36888888888888,1305.0
691,2004-07-01,Chamise,None,85.0,"Laurel Canyon, Mt. Olympus",SOCC,LA County,34.124722222222225,-118.36888888888888,1305.0
691,2004-07-22,Chamise,None,73.0,"Laurel Canyon, Mt. Olympus",SOCC,LA County,34.124722222222225,-118.36888888888888,1305.0
691,2004-08-12,Chamise,None,66.0,"Laurel Canyon, Mt. Olympus",SOCC,LA County,34.124722222222225,-118.36888888888888,1305.0
691,2004-08-26,Chamise,None,62.0,"Laurel Canyon, Mt. Olympus",SOCC,LA County,34.124722222222225,-118.36888888888888,1305.0
691,2004-09-10,Chamise,None,61.0,"Laurel Canyon, Mt. Olympus",SOCC,LA County,34.124722222222225,-118.36888888888888,1305.0
691,2004-09-23,Chamise,None,61.0,"Laurel Canyon, Mt. Olympus",SOCC,LA County,34.124722222222225,-118.36888888888888,1305.0
691,2004-10-07,Chamise,None,62.0,"Laurel Canyon, Mt. Olympus",SOCC,LA County,34.124722222222225,-118.36888888888888,1305.0
691,2004-10-28,Chamise,None,76.0,"Laurel Canyon, Mt. Olympus",SOCC,LA County,34.124722222222225,-118.36888888888888,1305.0
691,2004-11-12,Chamise,None,85.0,"Laurel Canyon, Mt. Olympus",SOCC,LA County,34.124722222222225,-118.36888888888888,1305.0
691,2004-11-30,Chamise,None,96.0,"Laurel Canyon, Mt. Olympus",SOCC,LA County,34.124722222222225,-118.36888888888888,1305.0
691,2004-12-10,Chamise,None,96.0,"Laurel Canyon, Mt. Olympus",SOCC,LA County,34.124722222222225,-118.36888888888888,1305.0
691,2004-12-22,Chamise,None,106.0,"Laurel Canyon, Mt. Olympus",SOCC,LA County,34.124722222222225,-118.36888888888888,1305.0
691,2005-01-22,Chamise,None,127.0,"Laurel Canyon, Mt. Olympus",SOCC,LA County,34.124722222222225,-118.36888888888888,1305.0
691,2005-02-05,Chamise,None,168.0,"Laurel Canyon, Mt. Olympus",SOCC,LA County,34.124722222222225,-118.36888888888888,1305.0
691,2005-02-19,Chamise,None,163.0,"Laurel Canyon, Mt. Olympus",SOCC,LA County,34.124722222222225,-118.36888888888888,1305.0
691,2005-03-05,Chamise,None,145.0,"Laurel Canyon, Mt. Olympus",SOCC,LA County,34.124722222222225,-118.36888888888888,1305.0
691,2005-03-19,Chamise,None,153.0,"Laurel Canyon, Mt. Olympus",SOCC,LA County,34.124722222222225,-118.36888888888888,1305.0
691,2005-04-02,Chamise,None,139.0,"Laurel Canyon, Mt. Olympus",SOCC,LA County,34.124722222222225,-118.36888888888888,1305.0
691,2005-04-16,Chamise,None,135.0,"Laurel Canyon, Mt. Olympus",SOCC,LA County,34.124722222222225,-118.36888888888888,1305.0
691,2005-04-30,Chamise,None,138.0,"Laurel Canyon, Mt. Olympus",SOCC,LA County,34.124722222222225,-118.36888888888888,1305.0
691,2005-05-14,Chamise,None,107.0,"Laurel Canyon, Mt. Olympus",SOCC,LA County,34.124722222222225,-118.36888888888888,1305.0
691,2005-05-28,Chamise,None,107.0,"Laurel Canyon, Mt. Olympus",SOCC,LA County,34.124722222222225,-118.36888888888888,1305.0
691,2005-06-11,Chamise,None,99.0,"Laurel Canyon, Mt. Olympus",SOCC,LA County,34.124722222222225,-118.36888888888888,1305.0
691,2005-06-25,Chamise,None,97.0,"Laurel Canyon, Mt. Olympus",SOCC,LA County,34.124722222222225,-118.36888888888888,1305.0
691,2005-07-16,Chamise,None,80.0,"Laurel Canyon, Mt. Olympus",SOCC,LA County,34.124722222222225,-118.36888888888888,1305.0
691,2005-07-30,Chamise,None,80.0,"Laurel Canyon, Mt. Olympus",SOCC,LA County,34.124722222222225,-118.36888888888888,1305.0
691,2005-08-13,Chamise,None,71.0,"Laurel Canyon, Mt. Olympus",SOCC,LA County,34.124722222222225,-118.36888888888888,1305.0
691,2005-08-27,Chamise,None,67.0,"Laurel Canyon, Mt. Olympus",SOCC,LA County,34.124722222222225,-118.36888888888888,1305.0
691,2005-10-08,Chamise,None,62.0,"Laurel Canyon, Mt. Olympus",SOCC,LA County,34.124722222222225,-118.36888888888888,1305.0
691,2005-11-19,Chamise,None,70.0,"Laurel Canyon, Mt. Olympus",SOCC,LA County,34.124722222222225,-118.36888888888888,1305.0
691,2005-12-03,Chamise,None,67.0,"Laurel Canyon, Mt. Olympus",SOCC,LA County,34.124722222222225,-118.36888888888888,1305.0
691,2005-12-17,Chamise,None,64.0,"Laurel Canyon, Mt. Olympus",SOCC,LA County,34.124722222222225,-118.36888888888888,1305.0
691,2005-12-31,Chamise,None,64.0,"Laurel Canyon, Mt. Olympus",SOCC,LA County,34.124722222222225,-118.36888888888888,1305.0
691,2006-01-01,Chamise,None,64.0,"Laurel Canyon, Mt. Olympus",SOCC,LA County,34.124722222222225,-118.36888888888888,1305.0
691,2006-01-13,Chamise,None,73.0,"Laurel Canyon, Mt. Olympus",SOCC,LA County,34.124722222222225,-118.36888888888888,1305.0
691,2006-01-27,Chamise,None,84.0,"Laurel Canyon, Mt. Olympus",SOCC,LA County,34.124722222222225,-118.36888888888888,1305.0
691,2006-02-10,Chamise,None,86.0,"Laurel Canyon, Mt. Olympus",SOCC,LA County,34.124722222222225,-118.36888888888888,1305.0
691,2006-02-24,Chamise,None,88.0,"Laurel Canyon, Mt. Olympus",SOCC,LA County,34.124722222222225,-118.36888888888888,1305.0
691,2006-03-10,Chamise,None,98.0,"Laurel Canyon, Mt. Olympus",SOCC,LA County,34.124722222222225,-118.36888888888888,1305.0
691,2006-03-24,Chamise,None,112.0,"Laurel Canyon, Mt. Olympus",SOCC,LA County,34.124722222222225,-118.36888888888888,1305.0
691,2006-04-14,Chamise,None,117.0,"Laurel Canyon, Mt. Olympus",SOCC,LA County,34.124722222222225,-118.36888888888888,1305.0
691,2006-04-28,Chamise,None,122.0,"Laurel Canyon, Mt. Olympus",SOCC,LA County,34.124722222222225,-118.36888888888888,1305.0
691,2006-05-12,Chamise,None,148.0,"Laurel Canyon, Mt. Olympus",SOCC,LA County,34.124722222222225,-118.36888888888888,1305.0
691,2006-05-26,Chamise,None,136.0,"Laurel Canyon, Mt. Olympus",SOCC,LA County,34.124722222222225,-118.36888888888888,1305.0
691,2006-06-09,Chamise,None,132.0,"Laurel Canyon, Mt. Olympus",SOCC,LA County,34.124722222222225,-118.36888888888888,1305.0
691,2006-06-23,Chamise,None,100.0,"Laurel Canyon, Mt. Olympus",SOCC,LA County,34.124722222222225,-118.36888888888888,1305.0
691,2006-07-07,Chamise,None,90.0,"Laurel Canyon, Mt. Olympus",SOCC,LA County,34.124722222222225,-118.36888888888888,1305.0
691,2006-07-21,Chamise,None,84.0,"Laurel Canyon, Mt. Olympus",SOCC,LA County,34.124722222222225,-118.36888888888888,1305.0
691,2006-08-04,Chamise,None,76.0,"Laurel Canyon, Mt. Olympus",SOCC,LA County,34.124722222222225,-118.36888888888888,1305.0
691,2006-08-18,Chamise,None,69.0,"Laurel Canyon, Mt. Olympus",SOCC,LA County,34.124722222222225,-118.36888888888888,1305.0
691,2006-09-08,Chamise,None,66.0,"Laurel Canyon, Mt. Olympus",SOCC,LA County,34.124722222222225,-118.36888888888888,1305.0
691,2006-09-22,Chamise,None,60.0,"Laurel Canyon, Mt. Olympus",SOCC,LA County,34.124722222222225,-118.36888888888888,1305.0
691,2006-10-06,Chamise,None,60.0,"Laurel Canyon, Mt. Olympus",SOCC,LA County,34.124722222222225,-118.36888888888888,1305.0
691,2006-10-20,Chamise,None,57.0,"Laurel Canyon, Mt. Olympus",SOCC,LA County,34.124722222222225,-118.36888888888888,1305.0
691,2006-11-03,Chamise,None,57.0,"Laurel Canyon, Mt. Olympus",SOCC,LA County,34.124722222222225,-118.36888888888888,1305.0
691,2006-11-17,Chamise,None,56.0,"Laurel Canyon, Mt. Olympus",SOCC,LA County,34.124722222222225,-118.36888888888888,1305.0
691,2006-12-01,Chamise,None,59.0,"Laurel Canyon, Mt. Olympus",SOCC,LA County,34.124722222222225,-118.36888888888888,1305.0
691,2006-12-15,Chamise,None,60.0,"Laurel Canyon, Mt. Olympus",SOCC,LA County,34.124722222222225,-118.36888888888888,1305.0
691,2006-12-29,Chamise,None,60.0,"Laurel Canyon, Mt. Olympus",SOCC,LA County,34.124722222222225,-118.36888888888888,1305.0
691,2007-01-12,Chamise,None,57.0,"Laurel Canyon, Mt. Olympus",SOCC,LA County,34.124722222222225,-118.36888888888888,1305.0
691,2007-01-26,Chamise,None,56.0,"Laurel Canyon, Mt. Olympus",SOCC,LA County,34.124722222222225,-118.36888888888888,1305.0
691,2007-02-09,Chamise,None,56.0,"Laurel Canyon, Mt. Olympus",SOCC,LA County,34.124722222222225,-118.36888888888888,1305.0
691,2007-02-23,Chamise,None,62.0,"Laurel Canyon, Mt. Olympus",SOCC,LA County,34.124722222222225,-118.36888888888888,1305.0
691,2007-03-09,Chamise,None,64.0,"Laurel Canyon, Mt. Olympus",SOCC,LA County,34.124722222222225,-118.36888888888888,1305.0
691,2007-03-30,Chamise,None,65.0,"Laurel Canyon, Mt. Olympus",SOCC,LA County,34.124722222222225,-118.36888888888888,1305.0
691,2007-04-13,Chamise,None,61.0,"Laurel Canyon, Mt. Olympus",SOCC,LA County,34.124722222222225,-118.36888888888888,1305.0
691,2007-05-04,Chamise,None,61.0,"Laurel Canyon, Mt. Olympus",SOCC,LA County,34.124722222222225,-118.36888888888888,1305.0
691,2007-05-25,Chamise,None,57.0,"Laurel Canyon, Mt. Olympus",SOCC,LA County,34.124722222222225,-118.36888888888888,1305.0
691,2007-06-08,Chamise,None,57.0,"Laurel Canyon, Mt. Olympus",SOCC,LA County,34.124722222222225,-118.36888888888888,1305.0
691,2007-06-29,Chamise,None,51.0,"Laurel Canyon, Mt. Olympus",SOCC,LA County,34.124722222222225,-118.36888888888888,1305.0
691,2007-07-13,Chamise,None,51.0,"Laurel Canyon, Mt. Olympus",SOCC,LA County,34.124722222222225,-118.36888888888888,1305.0
691,2007-07-27,Chamise,None,54.0,"Laurel Canyon, Mt. Olympus",SOCC,LA County,34.124722222222225,-118.36888888888888,1305.0
691,2007-08-10,Chamise,None,57.0,"Laurel Canyon, Mt. Olympus",SOCC,LA County,34.124722222222225,-118.36888888888888,1305.0
691,2007-08-23,Chamise,None,53.0,"Laurel Canyon, Mt. Olympus",SOCC,LA County,34.124722222222225,-118.36888888888888,1305.0
691,2007-09-07,Chamise,None,55.0,"Laurel Canyon, Mt. Olympus",SOCC,LA County,34.124722222222225,-118.36888888888888,1305.0
691,2007-09-20,Chamise,None,54.0,"Laurel Canyon, Mt. Olympus",SOCC,LA County,34.124722222222225,-118.36888888888888,1305.0
691,2007-10-05,Chamise,None,60.0,"Laurel Canyon, Mt. Olympus",SOCC,LA County,34.124722222222225,-118.36888888888888,1305.0
691,2007-10-18,Chamise,None,60.0,"Laurel Canyon, Mt. Olympus",SOCC,LA County,34.124722222222225,-118.36888888888888,1305.0
691,2007-11-02,Chamise,None,60.0,"Laurel Canyon, Mt. Olympus",SOCC,LA County,34.124722222222225,-118.36888888888888,1305.0
691,2007-11-16,Chamise,None,67.0,"Laurel Canyon, Mt. Olympus",SOCC,LA County,34.124722222222225,-118.36888888888888,1305.0
691,2007-11-30,Chamise,None,67.0,"Laurel Canyon, Mt. Olympus",SOCC,LA County,34.124722222222225,-118.36888888888888,1305.0
691,2007-12-14,Chamise,None,78.0,"Laurel Canyon, Mt. Olympus",SOCC,LA County,34.124722222222225,-118.36888888888888,1305.0
691,2007-12-28,Chamise,None,77.0,"Laurel Canyon, Mt. Olympus",SOCC,LA County,34.124722222222225,-118.36888888888888,1305.0
691,2008-01-11,Chamise,None,80.0,"Laurel Canyon, Mt. Olympus",SOCC,LA County,34.124722222222225,-118.36888888888888,1305.0
691,2008-02-01,Chamise,None,102.0,"Laurel Canyon, Mt. Olympus",SOCC,LA County,34.124722222222225,-118.36888888888888,1305.0
691,2008-02-15,Chamise,None,119.0,"Laurel Canyon, Mt. Olympus",SOCC,LA County,34.124722222222225,-118.36888888888888,1305.0
691,2008-02-29,Chamise,None,138.0,"Laurel Canyon, Mt. Olympus",SOCC,LA County,34.124722222222225,-118.36888888888888,1305.0
691,2008-03-14,Chamise,None,132.0,"Laurel Canyon, Mt. Olympus",SOCC,LA County,34.124722222222225,-118.36888888888888,1305.0
691,2008-04-04,Chamise,None,99.0,"Laurel Canyon, Mt. Olympus",SOCC,LA County,34.124722222222225,-118.36888888888888,1305.0
691,2008-04-18,Chamise,None,100.0,"Laurel Canyon, Mt. Olympus",SOCC,LA County,34.124722222222225,-118.36888888888888,1305.0
691,2008-05-02,Chamise,None,101.0,"Laurel Canyon, Mt. Olympus",SOCC,LA County,34.124722222222225,-118.36888888888888,1305.0
691,2008-05-16,Chamise,None,92.0,"Laurel Canyon, Mt. Olympus",SOCC,LA County,34.124722222222225,-118.36888888888888,1305.0
691,2008-05-30,Chamise,None,92.0,"Laurel Canyon, Mt. Olympus",SOCC,LA County,34.124722222222225,-118.36888888888888,1305.0
691,2008-06-13,Chamise,None,92.0,"Laurel Canyon, Mt. Olympus",SOCC,LA County,34.124722222222225,-118.36888888888888,1305.0
691,2008-06-27,Chamise,None,90.0,"Laurel Canyon, Mt. Olympus",SOCC,LA County,34.124722222222225,-118.36888888888888,1305.0
691,2008-07-24,Chamise,None,77.0,"Laurel Canyon, Mt. Olympus",SOCC,LA County,34.124722222222225,-118.36888888888888,1305.0
691,2008-08-08,Chamise,None,67.0,"Laurel Canyon, Mt. Olympus",SOCC,LA County,34.124722222222225,-118.36888888888888,1305.0
691,2008-08-22,Chamise,None,66.0,"Laurel Canyon, Mt. Olympus",SOCC,LA County,34.124722222222225,-118.36888888888888,1305.0
691,2008-09-05,Chamise,None,69.0,"Laurel Canyon, Mt. Olympus",SOCC,LA County,34.124722222222225,-118.36888888888888,1305.0
691,2008-09-19,Chamise,None,63.0,"Laurel Canyon, Mt. Olympus",SOCC,LA County,34.124722222222225,-118.36888888888888,1305.0
691,2008-10-03,Chamise,None,73.0,"Laurel Canyon, Mt. Olympus",SOCC,LA County,34.124722222222225,-118.36888888888888,1305.0
691,2008-10-31,Chamise,None,69.0,"Laurel Canyon, Mt. Olympus",SOCC,LA County,34.124722222222225,-118.36888888888888,1305.0
691,2008-11-14,Chamise,None,68.0,"Laurel Canyon, Mt. Olympus",SOCC,LA County,34.124722222222225,-118.36888888888888,1305.0
691,2008-12-05,Chamise,None,75.0,"Laurel Canyon, Mt. Olympus",SOCC,LA County,34.124722222222225,-118.36888888888888,1305.0
691,2009-01-09,Chamise,None,76.0,"Laurel Canyon, Mt. Olympus",SOCC,LA County,34.124722222222225,-118.36888888888888,1305.0
691,2009-01-23,Chamise,None,83.0,"Laurel Canyon, Mt. Olympus",SOCC,LA County,34.124722222222225,-118.36888888888888,1305.0
691,2009-02-06,Chamise,None,84.0,"Laurel Canyon, Mt. Olympus",SOCC,LA County,34.124722222222225,-118.36888888888888,1305.0
691,2009-02-20,Chamise,None,100.0,"Laurel Canyon, Mt. Olympus",SOCC,LA County,34.124722222222225,-118.36888888888888,1305.0
691,2009-03-06,Chamise,None,107.0,"Laurel Canyon, Mt. Olympus",SOCC,LA County,34.124722222222225,-118.36888888888888,1305.0
691,2009-03-20,Chamise,None,107.0,"Laurel Canyon, Mt. Olympus",SOCC,LA County,34.124722222222225,-118.36888888888888,1305.0
691,2009-04-03,Chamise,None,142.0,"Laurel Canyon, Mt. Olympus",SOCC,LA County,34.124722222222225,-118.36888888888888,1305.0
691,2009-04-17,Chamise,None,132.0,"Laurel Canyon, Mt. Olympus",SOCC,LA County,34.124722222222225,-118.36888888888888,1305.0
691,2009-05-01,Chamise,None,116.0,"Laurel Canyon, Mt. Olympus",SOCC,LA County,34.124722222222225,-118.36888888888888,1305.0
691,2009-05-15,Chamise,None,102.0,"Laurel Canyon, Mt. Olympus",SOCC,LA County,34.124722222222225,-118.36888888888888,1305.0
691,2009-06-26,Chamise,None,88.0,"Laurel Canyon, Mt. Olympus",SOCC,LA County,34.124722222222225,-118.36888888888888,1305.0
691,2009-07-24,Chamise,None,66.0,"Laurel Canyon, Mt. Olympus",SOCC,LA County,34.124722222222225,-118.36888888888888,1305.0
691,2009-08-07,Chamise,None,80.0,"Laurel Canyon, Mt. Olympus",SOCC,LA County,34.124722222222225,-118.36888888888888,1305.0
691,2009-08-21,Chamise,None,74.0,"Laurel Canyon, Mt. Olympus",SOCC,LA County,34.124722222222225,-118.36888888888888,1305.0
691,2009-09-18,Chamise,None,70.0,"Laurel Canyon, Mt. Olympus",SOCC,LA County,34.124722222222225,-118.36888888888888,1305.0
691,2009-10-02,Chamise,None,60.0,"Laurel Canyon, Mt. Olympus",SOCC,LA County,34.124722222222225,-118.36888888888888,1305.0
691,2009-10-30,Chamise,None,71.0,"Laurel Canyon, Mt. Olympus",SOCC,LA County,34.124722222222225,-118.36888888888888,1305.0
691,2009-12-04,Chamise,None,75.0,"Laurel Canyon, Mt. Olympus",SOCC,LA County,34.124722222222225,-118.36888888888888,1305.0
691,2009-12-18,Chamise,None,82.0,"Laurel Canyon, Mt. Olympus",SOCC,LA County,34.124722222222225,-118.36888888888888,1305.0
691,2010-01-08,Chamise,None,100.0,"Laurel Canyon, Mt. Olympus",SOCC,LA County,34.124722222222225,-118.36888888888888,1305.0
691,2010-01-29,Chamise,None,88.0,"Laurel Canyon, Mt. Olympus",SOCC,LA County,34.124722222222225,-118.36888888888888,1305.0
691,2010-02-26,Chamise,None,146.0,"Laurel Canyon, Mt. Olympus",SOCC,LA County,34.124722222222225,-118.36888888888888,1305.0
691,2010-03-12,Chamise,None,142.0,"Laurel Canyon, Mt. Olympus",SOCC,LA County,34.124722222222225,-118.36888888888888,1305.0
691,2010-03-26,Chamise,None,136.0,"Laurel Canyon, Mt. Olympus",SOCC,LA County,34.124722222222225,-118.36888888888888,1305.0
691,2010-04-09,Chamise,None,120.0,"Laurel Canyon, Mt. Olympus",SOCC,LA County,34.124722222222225,-118.36888888888888,1305.0
691,2010-04-23,Chamise,None,138.0,"Laurel Canyon, Mt. Olympus",SOCC,LA County,34.124722222222225,-118.36888888888888,1305.0
691,2010-05-07,Chamise,None,104.0,"Laurel Canyon, Mt. Olympus",SOCC,LA County,34.124722222222225,-118.36888888888888,1305.0
691,2010-05-21,Chamise,None,99.0,"Laurel Canyon, Mt. Olympus",SOCC,LA County,34.124722222222225,-118.36888888888888,1305.0
691,2010-06-04,Chamise,None,94.0,"Laurel Canyon, Mt. Olympus",SOCC,LA County,34.124722222222225,-118.36888888888888,1305.0
691,2010-06-18,Chamise,None,95.0,"Laurel Canyon, Mt. Olympus",SOCC,LA County,34.124722222222225,-118.36888888888888,1305.0
691,2010-07-02,Chamise,None,83.0,"Laurel Canyon, Mt. Olympus",SOCC,LA County,34.124722222222225,-118.36888888888888,1305.0
691,2010-07-15,Chamise,None,79.0,"Laurel Canyon, Mt. Olympus",SOCC,LA County,34.124722222222225,-118.36888888888888,1305.0
691,2010-07-29,Chamise,None,72.0,"Laurel Canyon, Mt. Olympus",SOCC,LA County,34.124722222222225,-118.36888888888888,1305.0
691,2010-08-13,Chamise,None,76.0,"Laurel Canyon, Mt. Olympus",SOCC,LA County,34.124722222222225,-118.36888888888888,1305.0
691,2010-08-24,Chamise,None,73.0,"Laurel Canyon, Mt. Olympus",SOCC,LA County,34.124722222222225,-118.36888888888888,1305.0
691,2010-09-10,Chamise,None,77.0,"Laurel Canyon, Mt. Olympus",SOCC,LA County,34.124722222222225,-118.36888888888888,1305.0
691,2010-09-24,Chamise,None,72.0,"Laurel Canyon, Mt. Olympus",SOCC,LA County,34.124722222222225,-118.36888888888888,1305.0
691,2010-10-08,Chamise,None,67.0,"Laurel Canyon, Mt. Olympus",SOCC,LA County,34.124722222222225,-118.36888888888888,1305.0
691,2010-10-28,Chamise,None,70.0,"Laurel Canyon, Mt. Olympus",SOCC,LA County,34.124722222222225,-118.36888888888888,1305.0
691,2010-11-12,Chamise,None,70.0,"Laurel Canyon, Mt. Olympus",SOCC,LA County,34.124722222222225,-118.36888888888888,1305.0
691,2010-11-24,Chamise,None,80.0,"Laurel Canyon, Mt. Olympus",SOCC,LA County,34.124722222222225,-118.36888888888888,1305.0
691,2010-12-09,Chamise,None,67.0,"Laurel Canyon, Mt. Olympus",SOCC,LA County,34.124722222222225,-118.36888888888888,1305.0
691,2010-12-29,Chamise,None,82.0,"Laurel Canyon, Mt. Olympus",SOCC,LA County,34.124722222222225,-118.36888888888888,1305.0
691,2011-01-13,Chamise,None,84.0,"Laurel Canyon, Mt. Olympus",SOCC,LA County,34.124722222222225,-118.36888888888888,1305.0
691,2011-01-27,Chamise,None,128.0,"Laurel Canyon, Mt. Olympus",SOCC,LA County,34.124722222222225,-118.36888888888888,1305.0
691,2011-02-10,Chamise,None,170.0,"Laurel Canyon, Mt. Olympus",SOCC,LA County,34.124722222222225,-118.36888888888888,1305.0
691,2011-02-24,Chamise,None,166.0,"Laurel Canyon, Mt. Olympus",SOCC,LA County,34.124722222222225,-118.36888888888888,1305.0
691,2011-03-10,Chamise,None,140.0,"Laurel Canyon, Mt. Olympus",SOCC,LA County,34.124722222222225,-118.36888888888888,1305.0
691,2011-03-31,Chamise,None,131.0,"Laurel Canyon, Mt. Olympus",SOCC,LA County,34.124722222222225,-118.36888888888888,1305.0
691,2011-04-13,Chamise,None,123.0,"Laurel Canyon, Mt. Olympus",SOCC,LA County,34.124722222222225,-118.36888888888888,1305.0
691,2011-04-28,Chamise,None,118.0,"Laurel Canyon, Mt. Olympus",SOCC,LA County,34.124722222222225,-118.36888888888888,1305.0
691,2011-05-11,Chamise,None,113.0,"Laurel Canyon, Mt. Olympus",SOCC,LA County,34.124722222222225,-118.36888888888888,1305.0
691,2011-05-26,Chamise,None,104.0,"Laurel Canyon, Mt. Olympus",SOCC,LA County,34.124722222222225,-118.36888888888888,1305.0
691,2011-06-09,Chamise,None,99.0,"Laurel Canyon, Mt. Olympus",SOCC,LA County,34.124722222222225,-118.36888888888888,1305.0
691,2011-06-22,Chamise,None,100.0,"Laurel Canyon, Mt. Olympus",SOCC,LA County,34.124722222222225,-118.36888888888888,1305.0
691,2011-07-07,Chamise,None,102.0,"Laurel Canyon, Mt. Olympus",SOCC,LA County,34.124722222222225,-118.36888888888888,1305.0
691,2011-07-21,Chamise,None,78.0,"Laurel Canyon, Mt. Olympus",SOCC,LA County,34.124722222222225,-118.36888888888888,1305.0
691,2011-08-04,Chamise,None,91.0,"Laurel Canyon, Mt. Olympus",SOCC,LA County,34.124722222222225,-118.36888888888888,1305.0
691,2011-08-18,Chamise,None,71.0,"Laurel Canyon, Mt. Olympus",SOCC,LA County,34.124722222222225,-118.36888888888888,1305.0
691,2011-09-01,Chamise,None,67.0,"Laurel Canyon, Mt. Olympus",SOCC,LA County,34.124722222222225,-118.36888888888888,1305.0
691,2011-09-16,Chamise,None,69.0,"Laurel Canyon, Mt. Olympus",SOCC,LA County,34.124722222222225,-118.36888888888888,1305.0
691,2011-09-30,Chamise,None,67.0,"Laurel Canyon, Mt. Olympus",SOCC,LA County,34.124722222222225,-118.36888888888888,1305.0
691,2011-10-14,Chamise,None,70.0,"Laurel Canyon, Mt. Olympus",SOCC,LA County,34.124722222222225,-118.36888888888888,1305.0
691,2011-10-28,Chamise,None,67.0,"Laurel Canyon, Mt. Olympus",SOCC,LA County,34.124722222222225,-118.36888888888888,1305.0
691,2011-11-10,Chamise,None,66.0,"Laurel Canyon, Mt. Olympus",SOCC,LA County,34.124722222222225,-118.36888888888888,1305.0
691,2011-12-01,Chamise,None,75.0,"Laurel Canyon, Mt. Olympus",SOCC,LA County,34.124722222222225,-118.36888888888888,1305.0
691,2011-12-16,Chamise,None,79.0,"Laurel Canyon, Mt. Olympus",SOCC,LA County,34.124722222222225,-118.36888888888888,1305.0
691,2012-02-09,Chamise,None,91.0,"Laurel Canyon, Mt. Olympus",SOCC,LA County,34.124722222222225,-118.36888888888888,1305.0
691,2012-02-24,Chamise,None,76.0,"Laurel Canyon, Mt. Olympus",SOCC,LA County,34.124722222222225,-118.36888888888888,1305.0
691,2012-03-09,Chamise,None,78.0,"Laurel Canyon, Mt. Olympus",SOCC,LA County,34.124722222222225,-118.36888888888888,1305.0
691,2012-03-22,Chamise,None,86.0,"Laurel Canyon, Mt. Olympus",SOCC,LA County,34.124722222222225,-118.36888888888888,1305.0
691,2012-04-06,Chamise,None,84.0,"Laurel Canyon, Mt. Olympus",SOCC,LA County,34.124722222222225,-118.36888888888888,1305.0
691,2012-04-20,Chamise,None,99.0,"Laurel Canyon, Mt. Olympus",SOCC,LA County,34.124722222222225,-118.36888888888888,1305.0
691,2012-05-03,Chamise,None,150.0,"Laurel Canyon, Mt. Olympus",SOCC,LA County,34.124722222222225,-118.36888888888888,1305.0
691,2012-05-18,Chamise,None,117.0,"Laurel Canyon, Mt. Olympus",SOCC,LA County,34.124722222222225,-118.36888888888888,1305.0
691,2012-05-31,Chamise,None,92.0,"Laurel Canyon, Mt. Olympus",SOCC,LA County,34.124722222222225,-118.36888888888888,1305.0
691,2012-06-15,Chamise,None,81.0,"Laurel Canyon, Mt. Olympus",SOCC,LA County,34.124722222222225,-118.36888888888888,1305.0
691,2012-06-28,Chamise,None,69.0,"Laurel Canyon, Mt. Olympus",SOCC,LA County,34.124722222222225,-118.36888888888888,1305.0
691,2012-07-13,Chamise,None,68.0,"Laurel Canyon, Mt. Olympus",SOCC,LA County,34.124722222222225,-118.36888888888888,1305.0
691,2012-07-27,Chamise,None,60.0,"Laurel Canyon, Mt. Olympus",SOCC,LA County,34.124722222222225,-118.36888888888888,1305.0
691,2012-08-09,Chamise,None,63.0,"Laurel Canyon, Mt. Olympus",SOCC,LA County,34.124722222222225,-118.36888888888888,1305.0
691,2012-08-23,Chamise,None,58.0,"Laurel Canyon, Mt. Olympus",SOCC,LA County,34.124722222222225,-118.36888888888888,1305.0
691,2012-09-07,Chamise,None,63.0,"Laurel Canyon, Mt. Olympus",SOCC,LA County,34.124722222222225,-118.36888888888888,1305.0
691,2012-09-20,Chamise,None,54.0,"Laurel Canyon, Mt. Olympus",SOCC,LA County,34.124722222222225,-118.36888888888888,1305.0
691,2012-10-04,Chamise,None,51.0,"Laurel Canyon, Mt. Olympus",SOCC,LA County,34.124722222222225,-118.36888888888888,1305.0
691,2012-10-18,Chamise,None,55.0,"Laurel Canyon, Mt. Olympus",SOCC,LA County,34.124722222222225,-118.36888888888888,1305.0
691,2012-11-01,Chamise,None,59.0,"Laurel Canyon, Mt. Olympus",SOCC,LA County,34.124722222222225,-118.36888888888888,1305.0
691,2012-11-15,Chamise,None,60.0,"Laurel Canyon, Mt. Olympus",SOCC,LA County,34.124722222222225,-118.36888888888888,1305.0
691,2012-11-16,Chamise,None,60.0,"Laurel Canyon, Mt. Olympus",SOCC,LA County,34.124722222222225,-118.36888888888888,1305.0
691,2012-11-29,Chamise,None,63.0,"Laurel Canyon, Mt. Olympus",SOCC,LA County,34.124722222222225,-118.36888888888888,1305.0
691,2012-12-13,Chamise,None,72.0,"Laurel Canyon, Mt. Olympus",SOCC,LA County,34.124722222222225,-118.36888888888888,1305.0
691,2012-12-28,Chamise,None,80.0,"Laurel Canyon, Mt. Olympus",SOCC,LA County,34.124722222222225,-118.36888888888888,1305.0
691,2013-02-22,Chamise,None,132.0,"Laurel Canyon, Mt. Olympus",SOCC,LA County,34.124722222222225,-118.36888888888888,1305.0
691,2013-03-07,Chamise,None,111.0,"Laurel Canyon, Mt. Olympus",SOCC,LA County,34.124722222222225,-118.36888888888888,1305.0
691,2013-03-22,Chamise,None,108.0,"Laurel Canyon, Mt. Olympus",SOCC,LA County,34.124722222222225,-118.36888888888888,1305.0
691,2013-04-12,Chamise,None,87.0,"Laurel Canyon, Mt. Olympus",SOCC,LA County,34.124722222222225,-118.36888888888888,1305.0
691,2013-04-19,Chamise,None,87.0,"Laurel Canyon, Mt. Olympus",SOCC,LA County,34.124722222222225,-118.36888888888888,1305.0
691,2013-05-03,Chamise,None,96.0,"Laurel Canyon, Mt. Olympus",SOCC,LA County,34.124722222222225,-118.36888888888888,1305.0
691,2013-05-17,Chamise,None,89.0,"Laurel Canyon, Mt. Olympus",SOCC,LA County,34.124722222222225,-118.36888888888888,1305.0
691,2013-06-04,Chamise,None,90.0,"Laurel Canyon, Mt. Olympus",SOCC,LA County,34.124722222222225,-118.36888888888888,1305.0
691,2013-06-18,Chamise,None,77.0,"Laurel Canyon, Mt. Olympus",SOCC,LA County,34.124722222222225,-118.36888888888888,1305.0
691,2013-06-27,Chamise,None,72.0,"Laurel Canyon, Mt. Olympus",SOCC,LA County,34.124722222222225,-118.36888888888888,1305.0
691,2013-07-12,Chamise,None,70.0,"Laurel Canyon, Mt. Olympus",SOCC,LA County,34.124722222222225,-118.36888888888888,1305.0
691,2013-07-26,Chamise,None,58.0,"Laurel Canyon, Mt. Olympus",SOCC,LA County,34.124722222222225,-118.36888888888888,1305.0
691,2013-08-13,Chamise,None,59.0,"Laurel Canyon, Mt. Olympus",SOCC,LA County,34.124722222222225,-118.36888888888888,1305.0
691,2013-08-28,Chamise,None,61.0,"Laurel Canyon, Mt. Olympus",SOCC,LA County,34.124722222222225,-118.36888888888888,1305.0
691,2013-09-06,Chamise,None,60.0,"Laurel Canyon, Mt. Olympus",SOCC,LA County,34.124722222222225,-118.36888888888888,1305.0
691,2013-09-20,Chamise,None,58.0,"Laurel Canyon, Mt. Olympus",SOCC,LA County,34.124722222222225,-118.36888888888888,1305.0
691,2013-10-04,Chamise,None,55.0,"Laurel Canyon, Mt. Olympus",SOCC,LA County,34.124722222222225,-118.36888888888888,1305.0
691,2013-10-18,Chamise,None,59.0,"Laurel Canyon, Mt. Olympus",SOCC,LA County,34.124722222222225,-118.36888888888888,1305.0
691,2013-11-01,Chamise,None,57.0,"Laurel Canyon, Mt. Olympus",SOCC,LA County,34.124722222222225,-118.36888888888888,1305.0
691,2013-11-15,Chamise,None,51.0,"Laurel Canyon, Mt. Olympus",SOCC,LA County,34.124722222222225,-118.36888888888888,1305.0
691,2013-12-06,Chamise,None,60.0,"Laurel Canyon, Mt. Olympus",SOCC,LA County,34.124722222222225,-118.36888888888888,1305.0
691,2014-01-10,Chamise,None,54.0,"Laurel Canyon, Mt. Olympus",SOCC,LA County,34.124722222222225,-118.36888888888888,1305.0
691,2014-01-24,Chamise,None,54.0,"Laurel Canyon, Mt. Olympus",SOCC,LA County,34.124722222222225,-118.36888888888888,1305.0
691,2014-02-21,Chamise,None,56.0,"Laurel Canyon, Mt. Olympus",SOCC,LA County,34.124722222222225,-118.36888888888888,1305.0
691,2014-03-07,Chamise,None,72.0,"Laurel Canyon, Mt. Olympus",SOCC,LA County,34.124722222222225,-118.36888888888888,1305.0
691,2014-03-21,Chamise,None,83.0,"Laurel Canyon, Mt. Olympus",SOCC,LA County,34.124722222222225,-118.36888888888888,1305.0
691,2014-04-04,Chamise,None,96.0,"Laurel Canyon, Mt. Olympus",SOCC,LA County,34.124722222222225,-118.36888888888888,1305.0
691,2014-04-17,Chamise,None,108.0,"Laurel Canyon, Mt. Olympus",SOCC,LA County,34.124722222222225,-118.36888888888888,1305.0
691,2014-05-01,Chamise,None,100.0,"Laurel Canyon, Mt. Olympus",SOCC,LA County,34.124722222222225,-118.36888888888888,1305.0
691,2014-05-15,Chamise,None,92.0,"Laurel Canyon, Mt. Olympus",SOCC,LA County,34.124722222222225,-118.36888888888888,1305.0
691,2014-05-31,Chamise,None,78.0,"Laurel Canyon, Mt. Olympus",SOCC,LA County,34.124722222222225,-118.36888888888888,1305.0
691,2014-06-13,Chamise,None,73.0,"Laurel Canyon, Mt. Olympus",SOCC,LA County,34.124722222222225,-118.36888888888888,1305.0
691,2014-06-27,Chamise,None,70.0,"Laurel Canyon, Mt. Olympus",SOCC,LA County,34.124722222222225,-118.36888888888888,1305.0
691,2014-07-11,Chamise,None,61.0,"Laurel Canyon, Mt. Olympus",SOCC,LA County,34.124722222222225,-118.36888888888888,1305.0
691,2014-07-25,Chamise,None,60.0,"Laurel Canyon, Mt. Olympus",SOCC,LA County,34.124722222222225,-118.36888888888888,1305.0
691,2014-08-08,Chamise,None,58.0,"Laurel Canyon, Mt. Olympus",SOCC,LA County,34.124722222222225,-118.36888888888888,1305.0
691,2014-08-21,Chamise,None,58.0,"Laurel Canyon, Mt. Olympus",SOCC,LA County,34.124722222222225,-118.36888888888888,1305.0
691,2014-09-05,Chamise,None,56.0,"Laurel Canyon, Mt. Olympus",SOCC,LA County,34.124722222222225,-118.36888888888888,1305.0
691,2014-09-18,Chamise,None,55.0,"Laurel Canyon, Mt. Olympus",SOCC,LA County,34.124722222222225,-118.36888888888888,1305.0
691,2014-10-02,Chamise,None,56.0,"Laurel Canyon, Mt. Olympus",SOCC,LA County,34.124722222222225,-118.36888888888888,1305.0
691,2014-10-17,Chamise,None,55.0,"Laurel Canyon, Mt. Olympus",SOCC,LA County,34.124722222222225,-118.36888888888888,1305.0
691,2014-10-30,Chamise,None,55.0,"Laurel Canyon, Mt. Olympus",SOCC,LA County,34.124722222222225,-118.36888888888888,1305.0
691,2014-11-13,Chamise,None,57.0,"Laurel Canyon, Mt. Olympus",SOCC,LA County,34.124722222222225,-118.36888888888888,1305.0
691,2014-12-11,Chamise,None,65.0,"Laurel Canyon, Mt. Olympus",SOCC,LA County,34.124722222222225,-118.36888888888888,1305.0
691,2014-12-24,Chamise,None,69.0,"Laurel Canyon, Mt. Olympus",SOCC,LA County,34.124722222222225,-118.36888888888888,1305.0
691,2015-01-09,Chamise,None,74.0,"Laurel Canyon, Mt. Olympus",SOCC,LA County,34.124722222222225,-118.36888888888888,1305.0
691,2015-01-22,Chamise,None,102.0,"Laurel Canyon, Mt. Olympus",SOCC,LA County,34.124722222222225,-118.36888888888888,1305.0
691,2015-02-05,Chamise,None,94.0,"Laurel Canyon, Mt. Olympus",SOCC,LA County,34.124722222222225,-118.36888888888888,1305.0
691,2015-03-19,Chamise,None,112.0,"Laurel Canyon, Mt. Olympus",SOCC,LA County,34.124722222222225,-118.36888888888888,1305.0
691,2015-04-02,Chamise,None,105.0,"Laurel Canyon, Mt. Olympus",SOCC,LA County,34.124722222222225,-118.36888888888888,1305.0
691,2015-04-16,Chamise,None,88.0,"Laurel Canyon, Mt. Olympus",SOCC,LA County,34.124722222222225,-118.36888888888888,1305.0
691,2015-04-30,Chamise,None,81.0,"Laurel Canyon, Mt. Olympus",SOCC,LA County,34.124722222222225,-118.36888888888888,1305.0
691,2015-05-14,Chamise,None,77.0,"Laurel Canyon, Mt. Olympus",SOCC,LA County,34.124722222222225,-118.36888888888888,1305.0
691,2015-05-28,Chamise,None,70.0,"Laurel Canyon, Mt. Olympus",SOCC,LA County,34.124722222222225,-118.36888888888888,1305.0
691,2015-06-11,Chamise,None,76.0,"Laurel Canyon, Mt. Olympus",SOCC,LA County,34.124722222222225,-118.36888888888888,1305.0
691,2015-06-25,Chamise,None,66.0,"Laurel Canyon, Mt. Olympus",SOCC,LA County,34.124722222222225,-118.36888888888888,1305.0
691,2015-07-09,Chamise,None,63.0,"Laurel Canyon, Mt. Olympus",SOCC,LA County,34.124722222222225,-118.36888888888888,1305.0
691,2015-07-23,Chamise,None,61.0,"Laurel Canyon, Mt. Olympus",SOCC,LA County,34.124722222222225,-118.36888888888888,1305.0
691,2015-08-06,Chamise,None,60.0,"Laurel Canyon, Mt. Olympus",SOCC,LA County,34.124722222222225,-118.36888888888888,1305.0
691,2015-08-20,Chamise,None,61.0,"Laurel Canyon, Mt. Olympus",SOCC,LA County,34.124722222222225,-118.36888888888888,1305.0
691,2015-09-03,Chamise,None,58.0,"Laurel Canyon, Mt. Olympus",SOCC,LA County,34.124722222222225,-118.36888888888888,1305.0
691,2015-09-17,Chamise,None,57.0,"Laurel Canyon, Mt. Olympus",SOCC,LA County,34.124722222222225,-118.36888888888888,1305.0
691,2015-10-01,Chamise,None,57.0,"Laurel Canyon, Mt. Olympus",SOCC,LA County,34.124722222222225,-118.36888888888888,1305.0
691,2015-10-30,Chamise,None,65.0,"Laurel Canyon, Mt. Olympus",SOCC,LA County,34.124722222222225,-118.36888888888888,1305.0
691,2015-11-19,Chamise,None,61.0,"Laurel Canyon, Mt. Olympus",SOCC,LA County,34.124722222222225,-118.36888888888888,1305.0
691,2015-12-04,Chamise,None,59.0,"Laurel Canyon, Mt. Olympus",SOCC,LA County,34.124722222222225,-118.36888888888888,1305.0
691,2015-12-24,Chamise,None,57.0,"Laurel Canyon, Mt. Olympus",SOCC,LA County,34.124722222222225,-118.36888888888888,1305.0
691,2016-01-15,Chamise,None,70.0,"Laurel Canyon, Mt. Olympus",SOCC,LA County,34.124722222222225,-118.36888888888888,1305.0
691,2016-01-29,Chamise,None,75.0,"Laurel Canyon, Mt. Olympus",SOCC,LA County,34.124722222222225,-118.36888888888888,1305.0
691,2016-02-12,Chamise,None,99.0,"Laurel Canyon, Mt. Olympus",SOCC,LA County,34.124722222222225,-118.36888888888888,1305.0
691,2016-02-26,Chamise,None,115.0,"Laurel Canyon, Mt. Olympus",SOCC,LA County,34.124722222222225,-118.36888888888888,1305.0
691,2016-03-11,Chamise,None,110.0,"Laurel Canyon, Mt. Olympus",SOCC,LA County,34.124722222222225,-118.36888888888888,1305.0
691,2016-03-25,Chamise,None,114.0,"Laurel Canyon, Mt. Olympus",SOCC,LA County,34.124722222222225,-118.36888888888888,1305.0
691,2016-04-08,Chamise,None,116.0,"Laurel Canyon, Mt. Olympus",SOCC,LA County,34.124722222222225,-118.36888888888888,1305.0
691,2016-04-22,Chamise,None,100.0,"Laurel Canyon, Mt. Olympus",SOCC,LA County,34.124722222222225,-118.36888888888888,1305.0
691,2016-05-11,Chamise,None,78.0,"Laurel Canyon, Mt. Olympus",SOCC,LA County,34.124722222222225,-118.36888888888888,1305.0
691,2016-05-26,Chamise,None,74.0,"Laurel Canyon, Mt. Olympus",SOCC,LA County,34.124722222222225,-118.36888888888888,1305.0
691,2016-06-10,Chamise,None,73.0,"Laurel Canyon, Mt. Olympus",SOCC,LA County,34.124722222222225,-118.36888888888888,1305.0
691,2016-07-22,Chamise,None,56.0,"Laurel Canyon, Mt. Olympus",SOCC,LA County,34.124722222222225,-118.36888888888888,1305.0
691,2016-08-09,Chamise,None,56.0,"Laurel Canyon, Mt. Olympus",SOCC,LA County,34.124722222222225,-118.36888888888888,1305.0
691,2016-08-23,Chamise,None,55.0,"Laurel Canyon, Mt. Olympus",SOCC,LA County,34.124722222222225,-118.36888888888888,1305.0
691,2016-09-07,Chamise,None,58.0,"Laurel Canyon, Mt. Olympus",SOCC,LA County,34.124722222222225,-118.36888888888888,1305.0
691,2016-09-16,Chamise,None,55.0,"Laurel Canyon, Mt. Olympus",SOCC,LA County,34.124722222222225,-118.36888888888888,1305.0
691,2016-09-30,Chamise,None,55.0,"Laurel Canyon, Mt. Olympus",SOCC,LA County,34.124722222222225,-118.36888888888888,1305.0
691,2016-10-14,Chamise,None,59.0,"Laurel Canyon, Mt. Olympus",SOCC,LA County,34.124722222222225,-118.36888888888888,1305.0
691,2016-11-10,Chamise,None,57.0,"Laurel Canyon, Mt. Olympus",SOCC,LA County,34.124722222222225,-118.36888888888888,1305.0
691,2016-12-01,Chamise,None,70.0,"Laurel Canyon, Mt. Olympus",SOCC,LA County,34.124722222222225,-118.36888888888888,1305.0
691,2016-12-23,Chamise,None,73.0,"Laurel Canyon, Mt. Olympus",SOCC,LA County,34.124722222222225,-118.36888888888888,1305.0
691,2017-01-19,Chamise,None,102.0,"Laurel Canyon, Mt. Olympus",SOCC,LA County,34.124722222222225,-118.36888888888888,1305.0
691,2017-02-03,Chamise,None,103.0,"Laurel Canyon, Mt. Olympus",SOCC,LA County,34.124722222222225,-118.36888888888888,1305.0
691,2017-02-17,Chamise,None,138.0,"Laurel Canyon, Mt. Olympus",SOCC,LA County,34.124722222222225,-118.36888888888888,1305.0
691,2017-03-03,Chamise,None,139.0,"Laurel Canyon, Mt. Olympus",SOCC,LA County,34.124722222222225,-118.36888888888888,1305.0
691,2017-03-16,Chamise,None,129.0,"Laurel Canyon, Mt. Olympus",SOCC,LA County,34.124722222222225,-118.36888888888888,1305.0
691,2017-03-31,Chamise,None,130.0,"Laurel Canyon, Mt. Olympus",SOCC,LA County,34.124722222222225,-118.36888888888888,1305.0
691,2017-04-14,Chamise,None,118.0,"Laurel Canyon, Mt. Olympus",SOCC,LA County,34.124722222222225,-118.36888888888888,1305.0
691,2017-04-26,Chamise,None,98.0,"Laurel Canyon, Mt. Olympus",SOCC,LA County,34.124722222222225,-118.36888888888888,1305.0
691,2017-04-27,Chamise,None,98.0,"Laurel Canyon, Mt. Olympus",SOCC,LA County,34.124722222222225,-118.36888888888888,1305.0
691,2017-05-11,Chamise,None,87.0,"Laurel Canyon, Mt. Olympus",SOCC,LA County,34.124722222222225,-118.36888888888888,1305.0
691,2017-05-12,Chamise,None,87.0,"Laurel Canyon, Mt. Olympus",SOCC,LA County,34.124722222222225,-118.36888888888888,1305.0
691,2017-06-02,Chamise,None,85.0,"Laurel Canyon, Mt. Olympus",SOCC,LA County,34.124722222222225,-118.36888888888888,1305.0
691,2017-06-15,Chamise,None,79.0,"Laurel Canyon, Mt. Olympus",SOCC,LA County,34.124722222222225,-118.36888888888888,1305.0
691,2017-06-30,Chamise,None,78.0,"Laurel Canyon, Mt. Olympus",SOCC,LA County,34.124722222222225,-118.36888888888888,1305.0
691,2017-07-13,Chamise,None,75.0,"Laurel Canyon, Mt. Olympus",SOCC,LA County,34.124722222222225,-118.36888888888888,1305.0
691,2017-08-03,Chamise,None,72.0,"Laurel Canyon, Mt. Olympus",SOCC,LA County,34.124722222222225,-118.36888888888888,1305.0
691,2017-08-17,Chamise,None,69.0,"Laurel Canyon, Mt. Olympus",SOCC,LA County,34.124722222222225,-118.36888888888888,1305.0
691,2017-09-07,Chamise,None,64.0,"Laurel Canyon, Mt. Olympus",SOCC,LA County,34.124722222222225,-118.36888888888888,1305.0
691,2017-09-21,Chamise,None,64.0,"Laurel Canyon, Mt. Olympus",SOCC,LA County,34.124722222222225,-118.36888888888888,1305.0
691,2017-11-16,Chamise,None,59.0,"Laurel Canyon, Mt. Olympus",SOCC,LA County,34.124722222222225,-118.36888888888888,1305.0
691,2017-11-30,Chamise,None,62.0,"Laurel Canyon, Mt. Olympus",SOCC,LA County,34.124722222222225,-118.36888888888888,1305.0
691,2017-12-15,Chamise,None,62.0,"Laurel Canyon, Mt. Olympus",SOCC,LA County,34.124722222222225,-118.36888888888888,1305.0
691,2017-12-28,Chamise,None,62.0,"Laurel Canyon, Mt. Olympus",SOCC,LA County,34.124722222222225,-118.36888888888888,1305.0
691,2018-01-19,Chamise,None,68.0,"Laurel Canyon, Mt. Olympus",SOCC,LA County,34.124722222222225,-118.36888888888888,1305.0
691,2018-01-31,Chamise,None,75.0,"Laurel Canyon, Mt. Olympus",SOCC,LA County,34.124722222222225,-118.36888888888888,1305.0
691,2018-02-16,Chamise,None,79.0,"Laurel Canyon, Mt. Olympus",SOCC,LA County,34.124722222222225,-118.36888888888888,1305.0
691,2018-03-21,Chamise,None,92.0,"Laurel Canyon, Mt. Olympus",SOCC,LA County,34.124722222222225,-118.36888888888888,1305.0
691,2018-03-22,Chamise,None,92.0,"Laurel Canyon, Mt. Olympus",SOCC,LA County,34.124722222222225,-118.36888888888888,1305.0
691,2018-04-16,Chamise,None,147.0,"Laurel Canyon, Mt. Olympus",SOCC,LA County,34.124722222222225,-118.36888888888888,1305.0
691,2018-04-29,Chamise,None,146.0,"Laurel Canyon, Mt. Olympus",SOCC,LA County,34.124722222222225,-118.36888888888888,1305.0
691,2018-05-23,Chamise,None,104.0,"Laurel Canyon, Mt. Olympus",SOCC,LA County,34.124722222222225,-118.36888888888888,1305.0
691,2018-06-16,Chamise,None,83.0,"Laurel Canyon, Mt. Olympus",SOCC,LA County,34.124722222222225,-118.36888888888888,1305.0
691,2018-06-29,Chamise,None,75.0,"Laurel Canyon, Mt. Olympus",SOCC,LA County,34.124722222222225,-118.36888888888888,1305.0
691,2018-07-13,Chamise,None,72.0,"Laurel Canyon, Mt. Olympus",SOCC,LA County,34.124722222222225,-118.36888888888888,1305.0
691,2018-07-24,Chamise,None,66.0,"Laurel Canyon, Mt. Olympus",SOCC,LA County,34.124722222222225,-118.36888888888888,1305.0
691,2018-07-27,Chamise,None,66.0,"Laurel Canyon, Mt. Olympus",SOCC,LA County,34.124722222222225,-118.36888888888888,1305.0
691,2018-08-10,Chamise,None,65.0,"Laurel Canyon, Mt. Olympus",SOCC,LA County,34.124722222222225,-118.36888888888888,1305.0
691,2018-08-24,Chamise,None,62.0,"Laurel Canyon, Mt. Olympus",SOCC,LA County,34.124722222222225,-118.36888888888888,1305.0
691,2018-09-14,Chamise,None,62.0,"Laurel Canyon, Mt. Olympus",SOCC,LA County,34.124722222222225,-118.36888888888888,1305.0
691,2018-09-28,Chamise,None,59.0,"Laurel Canyon, Mt. Olympus",SOCC,LA County,34.124722222222225,-118.36888888888888,1305.0
691,2018-10-12,Chamise,None,58.0,"Laurel Canyon, Mt. Olympus",SOCC,LA County,34.124722222222225,-118.36888888888888,1305.0
691,2018-10-26,Chamise,None,62.0,"Laurel Canyon, Mt. Olympus",SOCC,LA County,34.124722222222225,-118.36888888888888,1305.0
691,2018-11-13,Chamise,None,63.0,"Laurel Canyon, Mt. Olympus",SOCC,LA County,34.124722222222225,-118.36888888888888,1305.0
691,2018-12-14,Chamise,None,71.0,"Laurel Canyon, Mt. Olympus",SOCC,LA County,34.124722222222225,-118.36888888888888,1305.0
691,2019-01-29,Chamise,None,104.0,"Laurel Canyon, Mt. Olympus",SOCC,LA County,34.124722222222225,-118.36888888888888,1305.0
691,2019-03-15,Chamise,None,150.0,"Laurel Canyon, Mt. Olympus",SOCC,LA County,34.124722222222225,-118.36888888888888,1305.0
691,2019-03-29,Chamise,None,128.0,"Laurel Canyon, Mt. Olympus",SOCC,LA County,34.124722222222225,-118.36888888888888,1305.0
691,2019-04-12,Chamise,None,121.0,"Laurel Canyon, Mt. Olympus",SOCC,LA County,34.124722222222225,-118.36888888888888,1305.0
691,2019-04-26,Chamise,None,96.0,"Laurel Canyon, Mt. Olympus",SOCC,LA County,34.124722222222225,-118.36888888888888,1305.0
691,2019-05-15,Chamise,None,99.0,"Laurel Canyon, Mt. Olympus",SOCC,LA County,34.124722222222225,-118.36888888888888,1305.0
691,2019-05-31,Chamise,None,86.0,"Laurel Canyon, Mt. Olympus",SOCC,LA County,34.124722222222225,-118.36888888888888,1305.0
691,2019-06-13,Chamise,None,88.0,"Laurel Canyon, Mt. Olympus",SOCC,LA County,34.124722222222225,-118.36888888888888,1305.0
691,2019-06-28,Chamise,None,89.0,"Laurel Canyon, Mt. Olympus",SOCC,LA County,34.124722222222225,-118.36888888888888,1305.0
691,2019-07-12,Chamise,None,87.0,"Laurel Canyon, Mt. Olympus",SOCC,LA County,34.124722222222225,-118.36888888888888,1305.0
691,2019-07-26,Chamise,None,85.0,"Laurel Canyon, Mt. Olympus",SOCC,LA County,34.124722222222225,-118.36888888888888,1305.0
691,2019-08-08,Chamise,None,73.0,"Laurel Canyon, Mt. Olympus",SOCC,LA County,34.124722222222225,-118.36888888888888,1305.0
691,2019-08-22,Chamise,None,75.0,"Laurel Canyon, Mt. Olympus",SOCC,LA County,34.124722222222225,-118.36888888888888,1305.0
691,2019-09-06,Chamise,None,68.0,"Laurel Canyon, Mt. Olympus",SOCC,LA County,34.124722222222225,-118.36888888888888,1305.0
691,2019-09-20,Chamise,None,67.0,"Laurel Canyon, Mt. Olympus",SOCC,LA County,34.124722222222225,-118.36888888888888,1305.0
691,2019-10-04,Chamise,None,65.0,"Laurel Canyon, Mt. Olympus",SOCC,LA County,34.124722222222225,-118.36888888888888,1305.0
691,2019-10-18,Chamise,None,64.0,"Laurel Canyon, Mt. Olympus",SOCC,LA County,34.124722222222225,-118.36888888888888,1305.0
691,2019-11-01,Chamise,None,66.0,"Laurel Canyon, Mt. Olympus",SOCC,LA County,34.124722222222225,-118.36888888888888,1305.0
691,2019-11-15,Chamise,None,62.0,"Laurel Canyon, Mt. Olympus",SOCC,LA County,34.124722222222225,-118.36888888888888,1305.0
691,2019-12-03,Chamise,None,64.0,"Laurel Canyon, Mt. Olympus",SOCC,LA County,34.124722222222225,-118.36888888888888,1305.0
691,2019-12-20,Chamise,None,72.0,"Laurel Canyon, Mt. Olympus",SOCC,LA County,34.124722222222225,-118.36888888888888,1305.0
691,2020-01-15,Chamise,None,81.0,"Laurel Canyon, Mt. Olympus",SOCC,LA County,34.124722222222225,-118.36888888888888,1305.0
691,2020-01-30,Chamise,None,91.0,"Laurel Canyon, Mt. Olympus",SOCC,LA County,34.124722222222225,-118.36888888888888,1305.0
691,2020-02-14,Chamise,None,109.0,"Laurel Canyon, Mt. Olympus",SOCC,LA County,34.124722222222225,-118.36888888888888,1305.0
691,2020-02-27,Chamise,None,150.0,"Laurel Canyon, Mt. Olympus",SOCC,LA County,34.124722222222225,-118.36888888888888,1305.0
691,2020-03-30,Chamise,None,120.0,"Laurel Canyon, Mt. Olympus",SOCC,LA County,34.124722222222225,-118.36888888888888,1305.0
691,2020-04-15,Chamise,None,126.0,"Laurel Canyon, Mt. Olympus",SOCC,LA County,34.124722222222225,-118.36888888888888,1305.0
691,2020-04-30,Chamise,None,129.0,"Laurel Canyon, Mt. Olympus",SOCC,LA County,34.124722222222225,-118.36888888888888,1305.0
691,2020-05-15,Chamise,None,130.0,"Laurel Canyon, Mt. Olympus",SOCC,LA County,34.124722222222225,-118.36888888888888,1305.0
691,2020-05-31,Chamise,None,111.0,"Laurel Canyon, Mt. Olympus",SOCC,LA County,34.124722222222225,-118.36888888888888,1305.0
691,2020-06-15,Chamise,None,99.0,"Laurel Canyon, Mt. Olympus",SOCC,LA County,34.124722222222225,-118.36888888888888,1305.0
691,2020-06-30,Chamise,None,83.0,"Laurel Canyon, Mt. Olympus",SOCC,LA County,34.124722222222225,-118.36888888888888,1305.0
691,2020-07-15,Chamise,None,83.0,"Laurel Canyon, Mt. Olympus",SOCC,LA County,34.124722222222225,-118.36888888888888,1305.0
691,2020-07-31,Chamise,None,71.0,"Laurel Canyon, Mt. Olympus",SOCC,LA County,34.124722222222225,-118.36888888888888,1305.0
691,2020-08-15,Chamise,None,70.0,"Laurel Canyon, Mt. Olympus",SOCC,LA County,34.124722222222225,-118.36888888888888,1305.0
691,2020-08-30,Chamise,None,67.0,"Laurel Canyon, Mt. Olympus",SOCC,LA County,34.124722222222225,-118.36888888888888,1305.0
691,2020-09-15,Chamise,None,65.0,"Laurel Canyon, Mt. Olympus",SOCC,LA County,34.124722222222225,-118.36888888888888,1305.0
691,2020-09-30,Chamise,None,65.0,"Laurel Canyon, Mt. Olympus",SOCC,LA County,34.124722222222225,-118.36888888888888,1305.0
691,2020-10-15,Chamise,None,61.0,"Laurel Canyon, Mt. Olympus",SOCC,LA County,34.124722222222225,-118.36888888888888,1305.0
691,2020-10-30,Chamise,None,60.0,"Laurel Canyon, Mt. Olympus",SOCC,LA County,34.124722222222225,-118.36888888888888,1305.0
691,2021-02-15,Chamise,None,73.0,"Laurel Canyon, Mt. Olympus",SOCC,LA County,34.124722222222225,-118.36888888888888,1305.0
691,2021-03-31,Chamise,None,73.0,"Laurel Canyon, Mt. Olympus",SOCC,LA County,34.124722222222225,-118.36888888888888,1305.0
691,2021-04-16,Chamise,None,114.0,"Laurel Canyon, Mt. Olympus",SOCC,LA County,34.124722222222225,-118.36888888888888,1305.0
691,2021-05-14,Chamise,None,88.0,"Laurel Canyon, Mt. Olympus",SOCC,LA County,34.124722222222225,-118.36888888888888,1305.0
691,2021-05-27,Chamise,None,85.0,"Laurel Canyon, Mt. Olympus",SOCC,LA County,34.124722222222225,-118.36888888888888,1305.0
691,2021-06-14,Chamise,None,73.0,"Laurel Canyon, Mt. Olympus",SOCC,LA County,34.124722222222225,-118.36888888888888,1305.0
691,2021-06-30,Chamise,None,81.0,"Laurel Canyon, Mt. Olympus",SOCC,LA County,34.124722222222225,-118.36888888888888,1305.0
691,2021-07-15,Chamise,None,70.0,"Laurel Canyon, Mt. Olympus",SOCC,LA County,34.124722222222225,-118.36888888888888,1305.0
691,2021-07-30,Chamise,None,67.0,"Laurel Canyon, Mt. Olympus",SOCC,LA County,34.124722222222225,-118.36888888888888,1305.0
691,2021-08-15,Chamise,None,64.0,"Laurel Canyon, Mt. Olympus",SOCC,LA County,34.124722222222225,-118.36888888888888,1305.0
691,2021-08-30,Chamise,None,57.0,"Laurel Canyon, Mt. Olympus",SOCC,LA County,34.124722222222225,-118.36888888888888,1305.0
691,2021-09-16,Chamise,None,62.0,"Laurel Canyon, Mt. Olympus",SOCC,LA County,34.124722222222225,-118.36888888888888,1305.0
691,2021-09-30,Chamise,None,61.0,"Laurel Canyon, Mt. Olympus",SOCC,LA County,34.124722222222225,-118.36888888888888,1305.0
691,2021-10-15,Chamise,None,60.0,"Laurel Canyon, Mt. Olympus",SOCC,LA County,34.124722222222225,-118.36888888888888,1305.0
691,2021-11-02,Chamise,None,62.0,"Laurel Canyon, Mt. Olympus",SOCC,LA County,34.124722222222225,-118.36888888888888,1305.0
691,2021-11-18,Chamise,None,74.0,"Laurel Canyon, Mt. Olympus",SOCC,LA County,34.124722222222225,-118.36888888888888,1305.0
691,2021-12-23,Chamise,None,76.0,"Laurel Canyon, Mt. Olympus",SOCC,LA County,34.124722222222225,-118.36888888888888,1305.0
691,2022-01-13,Chamise,None,103.0,"Laurel Canyon, Mt. Olympus",SOCC,LA County,34.124722222222225,-118.36888888888888,1305.0
691,2022-02-01,Chamise,None,199.0,"Laurel Canyon, Mt. Olympus",SOCC,LA County,34.124722222222225,-118.36888888888888,1305.0
691,2022-03-01,Chamise,None,156.0,"Laurel Canyon, Mt. Olympus",SOCC,LA County,34.124722222222225,-118.36888888888888,1305.0
691,2022-03-17,Chamise,None,134.0,"Laurel Canyon, Mt. Olympus",SOCC,LA County,34.124722222222225,-118.36888888888888,1305.0
691,2022-03-31,Chamise,None,117.0,"Laurel Canyon, Mt. Olympus",SOCC,LA County,34.124722222222225,-118.36888888888888,1305.0
691,2022-04-20,Chamise,None,100.0,"Laurel Canyon, Mt. Olympus",SOCC,LA County,34.124722222222225,-118.36888888888888,1305.0
691,2022-05-12,Chamise,None,83.0,"Laurel Canyon, Mt. Olympus",SOCC,LA County,34.124722222222225,-118.36888888888888,1305.0
691,2022-06-23,Chamise,None,71.0,"Laurel Canyon, Mt. Olympus",SOCC,LA County,34.124722222222225,-118.36888888888888,1305.0
691,2022-07-15,Chamise,None,70.0,"Laurel Canyon, Mt. Olympus",SOCC,LA County,34.124722222222225,-118.36888888888888,1305.0
691,2024-06-24,Chamise,None,85.0,"Laurel Canyon, Mt. Olympus",SOCC,LA County,34.124722222222225,-118.36888888888888,1305.0
